{"cameraMode":{"drawMode":0,"name":"Shaded","section":"Shading Mode"},"sceneLighting":false,"audioPlay":false,"sceneViewState":{"m_AlwaysRefresh":false,"showFog":true,"showSkybox":false,"showFlares":true,"showImageEffects":true,"showParticleSystems":true,"showVisualEffectGraphs":true,"m_FxEnabled":true},"in2DMode":false,"pivot":{"x":-31.099618911743165,"y":15.030742645263672,"z":27.145732879638673},"rotation":{"x":0.05449722707271576,"y":0.8703453540802002,"z":-0.12435854971408844,"w":0.47477418184280398},"size":16.188377380371095,"orthographic":false}