{"cameraMode":{"drawMode":0,"name":"Shaded","section":"Shading Mode"},"sceneLighting":false,"audioPlay":false,"sceneViewState":{"m_AlwaysRefresh":false,"showFog":true,"showSkybox":false,"showFlares":true,"showImageEffects":true,"showParticleSystems":true,"showVisualEffectGraphs":true,"m_FxEnabled":true},"in2DMode":false,"pivot":{"x":23.966590881347658,"y":27.51211929321289,"z":31.772216796875},"rotation":{"x":0.33986958861351015,"y":0.023758606985211374,"z":-0.033411599695682529,"w":0.9407559037208557},"size":29.888545989990236,"orthographic":false}