{"cameraMode":{"drawMode":0,"name":"Shaded","section":"Shading Mode"},"sceneLighting":false,"audioPlay":false,"sceneViewState":{"m_AlwaysRefresh":false,"showFog":true,"showSkybox":false,"showFlares":true,"showImageEffects":true,"showParticleSystems":true,"showVisualEffectGraphs":true,"m_FxEnabled":true},"in2DMode":false,"pivot":{"x":8.275782585144043,"y":5.103275775909424,"z":4.190925121307373},"rotation":{"x":0.0049011860974133019,"y":0.9765661954879761,"z":-0.08076354116201401,"w":0.20277729630470277},"size":28.572908401489259,"orthographic":false}