{"cameraMode":{"drawMode":0,"name":"Shaded","section":"Shading Mode"},"sceneLighting":false,"audioPlay":false,"sceneViewState":{"m_AlwaysRefresh":false,"showFog":true,"showSkybox":false,"showFlares":true,"showImageEffects":true,"showParticleSystems":true,"showVisualEffectGraphs":true,"m_FxEnabled":true},"in2DMode":false,"pivot":{"x":0.13074779510498048,"y":3.2871925830841066,"z":-0.22193098068237306},"rotation":{"x":-0.17273448407649995,"y":-0.7381864190101624,"z":0.267185777425766,"w":-0.5969489812850952},"size":10.072431564331055,"orthographic":false}