{"cameraMode":{"drawMode":0,"name":"Shaded","section":"Shading Mode"},"sceneLighting":false,"audioPlay":false,"sceneViewState":{"m_AlwaysRefresh":false,"showFog":true,"showSkybox":false,"showFlares":true,"showImageEffects":true,"showParticleSystems":true,"showVisualEffectGraphs":true,"m_FxEnabled":true},"in2DMode":false,"pivot":{"x":78.56859588623047,"y":0.01916361413896084,"z":-58.727779388427737},"rotation":{"x":0.10298025608062744,"y":-0.8996496796607971,"z":0.24225495755672456,"w":0.34995323419570925},"size":27.260101318359376,"orthographic":false}