{"cameraMode":{"drawMode":0,"name":"Shaded","section":"Shading Mode"},"sceneLighting":false,"audioPlay":false,"sceneViewState":{"m_AlwaysRefresh":false,"showFog":true,"showSkybox":false,"showFlares":true,"showImageEffects":true,"showParticleSystems":true,"showVisualEffectGraphs":true,"m_FxEnabled":true},"in2DMode":false,"pivot":{"x":-2.007050037384033,"y":5.859370708465576,"z":13.552956581115723},"rotation":{"x":0.12518665194511414,"y":-0.08859029412269592,"z":0.005133242812007666,"w":0.9886844158172607},"size":26.836946487426759,"orthographic":false}