{"cameraMode":{"drawMode":0,"name":"Shaded","section":"Shading Mode"},"sceneLighting":false,"audioPlay":false,"sceneViewState":{"m_AlwaysRefresh":false,"showFog":true,"showSkybox":false,"showFlares":true,"showImageEffects":true,"showParticleSystems":true,"showVisualEffectGraphs":true,"m_FxEnabled":true},"in2DMode":false,"pivot":{"x":4.7658915519714359,"y":-3.6157476902008058,"z":-2.7089242935180666},"rotation":{"x":0.021515129134058954,"y":0.9655919671058655,"z":-0.2125183343887329,"w":0.1527939736843109},"size":17.67811393737793,"orthographic":false}